{
  "project_info": {
    "project_number": "114424940281",
    "firebase_url": "https://handyman-croatia.firebaseio.com",
    "project_id": "handyman-croatia",
    "storage_bucket": "handyman-croatia.appspot.com"
  },
  "client": [
    {
      "client_info": {
        "mobilesdk_app_id": "1:114424940281:android:6a67978b573ef495a28428",
        "android_client_info": {
          "package_name": "hr.ferit.matejmijic.handymancroatia"
        }
      },
      "oauth_client": [
        {
          "client_id": "114424940281-at45lldptede98cog029mi0prb6kt0be.apps.googleusercontent.com",
          "client_type": 3
        }
      ],
      "api_key": [
        {
          "current_key": "AIzaSyBA2H0UQn1YYUFifXvcJgxUy7T446bhP7U"
        }
      ],
      "services": {
        "appinvite_service": {
          "other_platform_oauth_client": [
            {
              "client_id": "114424940281-at45lldptede98cog029mi0prb6kt0be.apps.googleusercontent.com",
              "client_type": 3
            }
          ]
        }
      }
    }
  ],
  "configuration_version": "1"
}